Workbook

Sheet Instruções
A1: Planilha-modelo · Apêndice F · Validação Local da MARIAH pelos CEPs
A3: Esta planilha automatiza o registro e o cálculo dos indicadores das três frentes de validação propostas no Apêndice F. Use-a no Microsoft Excel, no LibreOffice Calc ou no Google Sheets — não requer instalação de extensão estatística.
A5: Como usar:
A7: 1. Aba «Protocolos» — cadastre cada protocolo com um identificador interno do CEP. Não registre dados que permitam identificar pesquisador, instituição proponente ou patrocinador. A planilha não pede esses dados.
A9: 2. Aba «Versão A» — para cada protocolo aplicado em paralelo por dois avaliadores, registre a classificação consolidada de cada avaliador (I, II, III ou IV). A planilha calcula automaticamente o percentual de concordância e a estatística kappa de Cohen, com leitura sugerida.
A11: 3. Aba «Versão B» — para cada protocolo avaliado pela Versão B, registre a pontuação por bloco. A planilha calcula a pontuação total e o nível resultante, e gera a distribuição da casuística do CEP nos quatro níveis.
A13: 4. Aba «Triagem A↔B» — para os protocolos que passaram pelas duas versões no modo triagem, a planilha cruza as classificações automaticamente, produzindo a tabela de contingência 4x4.
A15: 5. Aba «Painel-resumo» — consolida os indicadores das três frentes em um painel único, para uso em reunião plenária do CEP.
A17: Importante:
A19: · Os avaliadores devem registrar suas classificações de forma independente, antes de qualquer deliberação colegiada. Concordâncias muito altas em todos os eixos podem indicar deliberação prévia entre avaliadores, o que esvazia o exercício.
A21: · A planilha admite até 50 protocolos por frente. CEPs com volume maior podem duplicar a planilha por período de coleta.
A23: · Os cálculos são fórmulas Excel/Calc. Não delete células sombreadas (verde-claro). Edite apenas as células destacadas em amarelo-claro.
A25: · O retorno opcional ao Grupo de Trabalho é descrito na seção F.5 do apêndice. CEPs que optarem por compartilhar podem enviar a planilha completa ou apenas o painel-resumo.

Sheet Protocolos
A1: Cadastro de protocolos avaliados
A2: Preencha as colunas em amarelo. ID interno é livre (ex.: P-001). Não registre identificação de pesquisador, instituição ou patrocinador.
A3: ID interno | B3: Data submissão | C3: Descrição breve (uso de IA no protocolo) | D3: Foi avaliado pela Versão A? | E3: Foi avaliado pela Versão B?

Sheet Versão A
A1: Versão A — Concordância entre avaliadores
A2: Para cada protocolo, registre a classificação consolidada do Avaliador 1 e do Avaliador 2 (I, II, III ou IV). A planilha calcula automaticamente, no painel à direita, o percentual de concordância e o kappa de Cohen.
A3: ID interno | B3: Avaliador 1 (I/II/III/IV) | C3: Avaliador 2 (I/II/III/IV) | D3: Concordam? | E3: Δ níveis | G3: Indicadores
A4: =IF(Protocolos!A4="","",Protocolos!A4) | D4: =IF(OR(B4="",C4=""),"",IF(B4=C4,"Sim","Não")) | E4: =IF(OR(B4="",C4=""),"",ABS(MATCH(B4,{"I","II","III","IV"},0)-MATCH(C4,{"I","II","III","IV"},0))) | G4: n de protocolos avaliados em par | H4: =COUNTIFS(B4:B53,"<>",C4:C53,"<>") -> 0
A5: =IF(Protocolos!A5="","",Protocolos!A5) | D5: =IF(OR(B5="",C5=""),"",IF(B5=C5,"Sim","Não")) | E5: =IF(OR(B5="",C5=""),"",ABS(MATCH(B5,{"I","II","III","IV"},0)-MATCH(C5,{"I","II","III","IV"},0))) | G5: concordâncias (n) | H5: =COUNTIF(D4:D53,"Sim") -> 0
A6: =IF(Protocolos!A6="","",Protocolos!A6) | D6: =IF(OR(B6="",C6=""),"",IF(B6=C6,"Sim","Não")) | E6: =IF(OR(B6="",C6=""),"",ABS(MATCH(B6,{"I","II","III","IV"},0)-MATCH(C6,{"I","II","III","IV"},0))) | G6: discordâncias (n) | H6: =COUNTIF(D4:D53,"Não") -> 0
A7: =IF(Protocolos!A7="","",Protocolos!A7) | D7: =IF(OR(B7="",C7=""),"",IF(B7=C7,"Sim","Não")) | E7: =IF(OR(B7="",C7=""),"",ABS(MATCH(B7,{"I","II","III","IV"},0)-MATCH(C7,{"I","II","III","IV"},0))) | G7: concordância observada (po) | H7: =IF(H4=0,"",H5/H4)
A8: =IF(Protocolos!A8="","",Protocolos!A8) | D8: =IF(OR(B8="",C8=""),"",IF(B8=C8,"Sim","Não")) | E8: =IF(OR(B8="",C8=""),"",ABS(MATCH(B8,{"I","II","III","IV"},0)-MATCH(C8,{"I","II","III","IV"},0))) | G8: concordância esperada (pe, por chance) | H8: =IF(H4=0,"",(COUNTIF(B4:B53,"I")*COUNTIF(C4:C53,"I")+COUNTIF(B4:B53,"II")*COUNTIF(C4:C53,"II")+COUNTIF(B4:B53,"III")*COUNTIF(C4:C53,"III")+COUNTIF(B4:B53,"IV")*COUNTIF(C4:C53,"IV"))/(H4*H4))
A9: =IF(Protocolos!A9="","",Protocolos!A9) | D9: =IF(OR(B9="",C9=""),"",IF(B9=C9,"Sim","Não")) | E9: =IF(OR(B9="",C9=""),"",ABS(MATCH(B9,{"I","II","III","IV"},0)-MATCH(C9,{"I","II","III","IV"},0))) | G9: kappa de Cohen | H9: =IF(OR(H4=0,H8=1),"",(H7-H8)/(1-H8))
A10: =IF(Protocolos!A10="","",Protocolos!A10) | D10: =IF(OR(B10="",C10=""),"",IF(B10=C10,"Sim","Não")) | E10: =IF(OR(B10="",C10=""),"",ABS(MATCH(B10,{"I","II","III","IV"},0)-MATCH(C10,{"I","II","III","IV"},0))) | G10: leitura sugerida | H10: =IF(H9="","",IF(H9<0.4,"Insuficiente",IF(H9<0.6,"Moderada",IF(H9<0.8,"Substancial","Quase perfeita"))))
A11: =IF(Protocolos!A11="","",Protocolos!A11) | D11: =IF(OR(B11="",C11=""),"",IF(B11=C11,"Sim","Não")) | E11: =IF(OR(B11="",C11=""),"",ABS(MATCH(B11,{"I","II","III","IV"},0)-MATCH(C11,{"I","II","III","IV"},0)))
A12: =IF(Protocolos!A12="","",Protocolos!A12) | D12: =IF(OR(B12="",C12=""),"",IF(B12=C12,"Sim","Não")) | E12: =IF(OR(B12="",C12=""),"",ABS(MATCH(B12,{"I","II","III","IV"},0)-MATCH(C12,{"I","II","III","IV"},0))) | G12: Faixas de leitura segundo Landis & Koch (1977).
A13: =IF(Protocolos!A13="","",Protocolos!A13) | D13: =IF(OR(B13="",C13=""),"",IF(B13=C13,"Sim","Não")) | E13: =IF(OR(B13="",C13=""),"",ABS(MATCH(B13,{"I","II","III","IV"},0)-MATCH(C13,{"I","II","III","IV"},0)))
A14: =IF(Protocolos!A14="","",Protocolos!A14) | D14: =IF(OR(B14="",C14=""),"",IF(B14=C14,"Sim","Não")) | E14: =IF(OR(B14="",C14=""),"",ABS(MATCH(B14,{"I","II","III","IV"},0)-MATCH(C14,{"I","II","III","IV"},0)))
A15: =IF(Protocolos!A15="","",Protocolos!A15) | D15: =IF(OR(B15="",C15=""),"",IF(B15=C15,"Sim","Não")) | E15: =IF(OR(B15="",C15=""),"",ABS(MATCH(B15,{"I","II","III","IV"},0)-MATCH(C15,{"I","II","III","IV"},0)))
A16: =IF(Protocolos!A16="","",Protocolos!A16) | D16: =IF(OR(B16="",C16=""),"",IF(B16=C16,"Sim","Não")) | E16: =IF(OR(B16="",C16=""),"",ABS(MATCH(B16,{"I","II","III","IV"},0)-MATCH(C16,{"I","II","III","IV"},0)))
A17: =IF(Protocolos!A17="","",Protocolos!A17) | D17: =IF(OR(B17="",C17=""),"",IF(B17=C17,"Sim","Não")) | E17: =IF(OR(B17="",C17=""),"",ABS(MATCH(B17,{"I","II","III","IV"},0)-MATCH(C17,{"I","II","III","IV"},0)))
A18: =IF(Protocolos!A18="","",Protocolos!A18) | D18: =IF(OR(B18="",C18=""),"",IF(B18=C18,"Sim","Não")) | E18: =IF(OR(B18="",C18=""),"",ABS(MATCH(B18,{"I","II","III","IV"},0)-MATCH(C18,{"I","II","III","IV"},0)))
A19: =IF(Protocolos!A19="","",Protocolos!A19) | D19: =IF(OR(B19="",C19=""),"",IF(B19=C19,"Sim","Não")) | E19: =IF(OR(B19="",C19=""),"",ABS(MATCH(B19,{"I","II","III","IV"},0)-MATCH(C19,{"I","II","III","IV"},0)))
A20: =IF(Protocolos!A20="","",Protocolos!A20) | D20: =IF(OR(B20="",C20=""),"",IF(B20=C20,"Sim","Não")) | E20: =IF(OR(B20="",C20=""),"",ABS(MATCH(B20,{"I","II","III","IV"},0)-MATCH(C20,{"I","II","III","IV"},0)))
A21: =IF(Protocolos!A21="","",Protocolos!A21) | D21: =IF(OR(B21="",C21=""),"",IF(B21=C21,"Sim","Não")) | E21: =IF(OR(B21="",C21=""),"",ABS(MATCH(B21,{"I","II","III","IV"},0)-MATCH(C21,{"I","II","III","IV"},0)))
A22: =IF(Protocolos!A22="","",Protocolos!A22) | D22: =IF(OR(B22="",C22=""),"",IF(B22=C22,"Sim","Não")) | E22: =IF(OR(B22="",C22=""),"",ABS(MATCH(B22,{"I","II","III","IV"},0)-MATCH(C22,{"I","II","III","IV"},0)))
A23: =IF(Protocolos!A23="","",Protocolos!A23) | D23: =IF(OR(B23="",C23=""),"",IF(B23=C23,"Sim","Não")) | E23: =IF(OR(B23="",C23=""),"",ABS(MATCH(B23,{"I","II","III","IV"},0)-MATCH(C23,{"I","II","III","IV"},0)))
A24: =IF(Protocolos!A24="","",Protocolos!A24) | D24: =IF(OR(B24="",C24=""),"",IF(B24=C24,"Sim","Não")) | E24: =IF(OR(B24="",C24=""),"",ABS(MATCH(B24,{"I","II","III","IV"},0)-MATCH(C24,{"I","II","III","IV"},0)))
... A53: =IF(Protocolos!A53="","",Protocolos!A53) | D53: =IF(OR(B53="",C53=""),"",IF(B53=C53,"Sim","Não")) | E53: =IF(OR(B53="",C53=""),"",ABS(MATCH(B53,{"I","II","III","IV"},0)-MATCH(C53,{"I","II","III","IV"},0)))

Sheet Versão B
A1: Versão B — Pontuação por bloco e distribuição
A2: Registre a pontuação obtida em cada bloco. Os pontos máximos por bloco (1, 2, 3, 4, 5, 6 e 7) são, respectivamente, 20, 30, 14, 8, 52, 50 e até +75 (bidirecional). Marque «Sim» na coluna «Usa banco de dados (Res 738)?» quando o protocolo envolver banco de dados — nesse caso, considere também o Bloco 6.b incorporado ao Bloco 6.
A3: ID interno | B3: Bloco 1 | C3: Bloco 2 | D3: Bloco 3 | E3: Bloco 4 | F3: Bloco 5 | G3: Bloco 6 | H3: Bloco 7 (líq) | I3: Usa BD? | J3: Total | K3: Nível | M3: Distribuição nos níveis
A4: =IF(Protocolos!A4="","",Protocolos!A4) | J4: =IF(COUNT(B4:H4)=0,"",MAX(0,SUM(B4:H4))) | K4: =IF(J4="","",IF(I4="Sim", IF(J4<=56,"I",IF(J4<=123,"II",IF(J4<=202,"III","IV"))), IF(J4<=50,"I",IF(J4<=110,"II",IF(J4<=180,"III","IV"))))) | M4: Nível | N4: n | O4: %
A5: =IF(Protocolos!A5="","",Protocolos!A5) | J5: =IF(COUNT(B5:H5)=0,"",MAX(0,SUM(B5:H5))) | K5: =IF(J5="","",IF(I5="Sim", IF(J5<=56,"I",IF(J5<=123,"II",IF(J5<=202,"III","IV"))), IF(J5<=50,"I",IF(J5<=110,"II",IF(J5<=180,"III","IV"))))) | M5: I | N5: =COUNTIF(K4:K53,"I") -> 0 | O5: =IF(SUM(N5:N8)=0,"",N5/SUM(N5:N8))
A6: =IF(Protocolos!A6="","",Protocolos!A6) | J6: =IF(COUNT(B6:H6)=0,"",MAX(0,SUM(B6:H6))) | K6: =IF(J6="","",IF(I6="Sim", IF(J6<=56,"I",IF(J6<=123,"II",IF(J6<=202,"III","IV"))), IF(J6<=50,"I",IF(J6<=110,"II",IF(J6<=180,"III","IV"))))) | M6: II | N6: =COUNTIF(K4:K53,"II") -> 0 | O6: =IF(SUM(N5:N8)=0,"",N6/SUM(N5:N8))
A7: =IF(Protocolos!A7="","",Protocolos!A7) | J7: =IF(COUNT(B7:H7)=0,"",MAX(0,SUM(B7:H7))) | K7: =IF(J7="","",IF(I7="Sim", IF(J7<=56,"I",IF(J7<=123,"II",IF(J7<=202,"III","IV"))), IF(J7<=50,"I",IF(J7<=110,"II",IF(J7<=180,"III","IV"))))) | M7: III | N7: =COUNTIF(K4:K53,"III") -> 0 | O7: =IF(SUM(N5:N8)=0,"",N7/SUM(N5:N8))
A8: =IF(Protocolos!A8="","",Protocolos!A8) | J8: =IF(COUNT(B8:H8)=0,"",MAX(0,SUM(B8:H8))) | K8: =IF(J8="","",IF(I8="Sim", IF(J8<=56,"I",IF(J8<=123,"II",IF(J8<=202,"III","IV"))), IF(J8<=50,"I",IF(J8<=110,"II",IF(J8<=180,"III","IV"))))) | M8: IV | N8: =COUNTIF(K4:K53,"IV") -> 0 | O8: =IF(SUM(N5:N8)=0,"",N8/SUM(N5:N8))
A9: =IF(Protocolos!A9="","",Protocolos!A9) | J9: =IF(COUNT(B9:H9)=0,"",MAX(0,SUM(B9:H9))) | K9: =IF(J9="","",IF(I9="Sim", IF(J9<=56,"I",IF(J9<=123,"II",IF(J9<=202,"III","IV"))), IF(J9<=50,"I",IF(J9<=110,"II",IF(J9<=180,"III","IV"))))) | M9: Total | N9: =SUM(N5:N8) -> 0
A10: =IF(Protocolos!A10="","",Protocolos!A10) | J10: =IF(COUNT(B10:H10)=0,"",MAX(0,SUM(B10:H10))) | K10: =IF(J10="","",IF(I10="Sim", IF(J10<=56,"I",IF(J10<=123,"II",IF(J10<=202,"III","IV"))), IF(J10<=50,"I",IF(J10<=110,"II",IF(J10<=180,"III","IV")))))
A11: =IF(Protocolos!A11="","",Protocolos!A11) | J11: =IF(COUNT(B11:H11)=0,"",MAX(0,SUM(B11:H11))) | K11: =IF(J11="","",IF(I11="Sim", IF(J11<=56,"I",IF(J11<=123,"II",IF(J11<=202,"III","IV"))), IF(J11<=50,"I",IF(J11<=110,"II",IF(J11<=180,"III","IV"))))) | M11: Estatísticas da pontuação total
A12: =IF(Protocolos!A12="","",Protocolos!A12) | J12: =IF(COUNT(B12:H12)=0,"",MAX(0,SUM(B12:H12))) | K12: =IF(J12="","",IF(I12="Sim", IF(J12<=56,"I",IF(J12<=123,"II",IF(J12<=202,"III","IV"))), IF(J12<=50,"I",IF(J12<=110,"II",IF(J12<=180,"III","IV"))))) | M12: Mediana | N12: =IFERROR(MEDIAN(J4:J53),"")
A13: =IF(Protocolos!A13="","",Protocolos!A13) | J13: =IF(COUNT(B13:H13)=0,"",MAX(0,SUM(B13:H13))) | K13: =IF(J13="","",IF(I13="Sim", IF(J13<=56,"I",IF(J13<=123,"II",IF(J13<=202,"III","IV"))), IF(J13<=50,"I",IF(J13<=110,"II",IF(J13<=180,"III","IV"))))) | M13: Média | N13: =IFERROR(AVERAGE(J4:J53),"")
A14: =IF(Protocolos!A14="","",Protocolos!A14) | J14: =IF(COUNT(B14:H14)=0,"",MAX(0,SUM(B14:H14))) | K14: =IF(J14="","",IF(I14="Sim", IF(J14<=56,"I",IF(J14<=123,"II",IF(J14<=202,"III","IV"))), IF(J14<=50,"I",IF(J14<=110,"II",IF(J14<=180,"III","IV"))))) | M14: Desvio-padrão | N14: =IFERROR(STDEV(J4:J53),"")
A15: =IF(Protocolos!A15="","",Protocolos!A15) | J15: =IF(COUNT(B15:H15)=0,"",MAX(0,SUM(B15:H15))) | K15: =IF(J15="","",IF(I15="Sim", IF(J15<=56,"I",IF(J15<=123,"II",IF(J15<=202,"III","IV"))), IF(J15<=50,"I",IF(J15<=110,"II",IF(J15<=180,"III","IV"))))) | M15: Mínimo | N15: =IFERROR(MIN(J4:J53),"") -> 0
A16: =IF(Protocolos!A16="","",Protocolos!A16) | J16: =IF(COUNT(B16:H16)=0,"",MAX(0,SUM(B16:H16))) | K16: =IF(J16="","",IF(I16="Sim", IF(J16<=56,"I",IF(J16<=123,"II",IF(J16<=202,"III","IV"))), IF(J16<=50,"I",IF(J16<=110,"II",IF(J16<=180,"III","IV"))))) | M16: Máximo | N16: =IFERROR(MAX(J4:J53),"") -> 0
A17: =IF(Protocolos!A17="","",Protocolos!A17) | J17: =IF(COUNT(B17:H17)=0,"",MAX(0,SUM(B17:H17))) | K17: =IF(J17="","",IF(I17="Sim", IF(J17<=56,"I",IF(J17<=123,"II",IF(J17<=202,"III","IV"))), IF(J17<=50,"I",IF(J17<=110,"II",IF(J17<=180,"III","IV")))))
A18: =IF(Protocolos!A18="","",Protocolos!A18) | J18: =IF(COUNT(B18:H18)=0,"",MAX(0,SUM(B18:H18))) | K18: =IF(J18="","",IF(I18="Sim", IF(J18<=56,"I",IF(J18<=123,"II",IF(J18<=202,"III","IV"))), IF(J18<=50,"I",IF(J18<=110,"II",IF(J18<=180,"III","IV")))))
A19: =IF(Protocolos!A19="","",Protocolos!A19) | J19: =IF(COUNT(B19:H19)=0,"",MAX(0,SUM(B19:H19))) | K19: =IF(J19="","",IF(I19="Sim", IF(J19<=56,"I",IF(J19<=123,"II",IF(J19<=202,"III","IV"))), IF(J19<=50,"I",IF(J19<=110,"II",IF(J19<=180,"III","IV")))))
A20: =IF(Protocolos!A20="","",Protocolos!A20) | J20: =IF(COUNT(B20:H20)=0,"",MAX(0,SUM(B20:H20))) | K20: =IF(J20="","",IF(I20="Sim", IF(J20<=56,"I",IF(J20<=123,"II",IF(J20<=202,"III","IV"))), IF(J20<=50,"I",IF(J20<=110,"II",IF(J20<=180,"III","IV")))))
A21: =IF(Protocolos!A21="","",Protocolos!A21) | J21: =IF(COUNT(B21:H21)=0,"",MAX(0,SUM(B21:H21))) | K21: =IF(J21="","",IF(I21="Sim", IF(J21<=56,"I",IF(J21<=123,"II",IF(J21<=202,"III","IV"))), IF(J21<=50,"I",IF(J21<=110,"II",IF(J21<=180,"III","IV")))))
A22: =IF(Protocolos!A22="","",Protocolos!A22) | J22: =IF(COUNT(B22:H22)=0,"",MAX(0,SUM(B22:H22))) | K22: =IF(J22="","",IF(I22="Sim", IF(J22<=56,"I",IF(J22<=123,"II",IF(J22<=202,"III","IV"))), IF(J22<=50,"I",IF(J22<=110,"II",IF(J22<=180,"III","IV")))))
A23: =IF(Protocolos!A23="","",Protocolos!A23) | J23: =IF(COUNT(B23:H23)=0,"",MAX(0,SUM(B23:H23))) | K23: =IF(J23="","",IF(I23="Sim", IF(J23<=56,"I",IF(J23<=123,"II",IF(J23<=202,"III","IV"))), IF(J23<=50,"I",IF(J23<=110,"II",IF(J23<=180,"III","IV")))))
A24: =IF(Protocolos!A24="","",Protocolos!A24) | J24: =IF(COUNT(B24:H24)=0,"",MAX(0,SUM(B24:H24))) | K24: =IF(J24="","",IF(I24="Sim", IF(J24<=56,"I",IF(J24<=123,"II",IF(J24<=202,"III","IV"))), IF(J24<=50,"I",IF(J24<=110,"II",IF(J24<=180,"III","IV")))))
A25: =IF(Protocolos!A25="","",Protocolos!A25) | J25: =IF(COUNT(B25:H25)=0,"",MAX(0,SUM(B25:H25))) | K25: =IF(J25="","",IF(I25="Sim", IF(J25<=56,"I",IF(J25<=123,"II",IF(J25<=202,"III","IV"))), IF(J25<=50,"I",IF(J25<=110,"II",IF(J25<=180,"III","IV")))))
A26: =IF(Protocolos!A26="","",Protocolos!A26) | J26: =IF(COUNT(B26:H26)=0,"",MAX(0,SUM(B26:H26))) | K26: =IF(J26="","",IF(I26="Sim", IF(J26<=56,"I",IF(J26<=123,"II",IF(J26<=202,"III","IV"))), IF(J26<=50,"I",IF(J26<=110,"II",IF(J26<=180,"III","IV")))))
A27: =IF(Protocolos!A27="","",Protocolos!A27) | J27: =IF(COUNT(B27:H27)=0,"",MAX(0,SUM(B27:H27))) | K27: =IF(J27="","",IF(I27="Sim", IF(J27<=56,"I",IF(J27<=123,"II",IF(J27<=202,"III","IV"))), IF(J27<=50,"I",IF(J27<=110,"II",IF(J27<=180,"III","IV")))))
A28: =IF(Protocolos!A28="","",Protocolos!A28) | J28: =IF(COUNT(B28:H28)=0,"",MAX(0,SUM(B28:H28))) | K28: =IF(J28="","",IF(I28="Sim", IF(J28<=56,"I",IF(J28<=123,"II",IF(J28<=202,"III","IV"))), IF(J28<=50,"I",IF(J28<=110,"II",IF(J28<=180,"III","IV")))))
... A53: =IF(Protocolos!A53="","",Protocolos!A53) | J53: =IF(COUNT(B53:H53)=0,"",MAX(0,SUM(B53:H53))) | K53: =IF(J53="","",IF(I53="Sim", IF(J53<=56,"I",IF(J53<=123,"II",IF(J53<=202,"III","IV"))), IF(J53<=50,"I",IF(J53<=110,"II",IF(J53<=180,"III","IV")))))

Sheet Triagem A↔B
A1: Triagem A↔B — Convergência entre as duas versões
A2: Para protocolos avaliados pelas duas versões, a planilha lê automaticamente as classificações da Versão A (coluna B) e da Versão B (coluna K da aba «Versão B») e produz a tabela de contingência 4x4 abaixo.
A3: ID interno | B3: Versão A (consolidada) | C3: Versão B (nível) | D3: Convergem? | F3: Tabela de contingência (linhas = Versão A · colunas = Versão B)
A4: =IF(Protocolos!A4="","",Protocolos!A4) | B4: =IF('Versão A'!B4="","",'Versão A'!B4) | C4: =IFERROR(IF('Versão B'!K4="","",'Versão B'!K4),"") | D4: =IF(OR(B4="",C4=""),"",IF(B4=C4,"Sim","Não")) | G4: Versão B I | H4: Versão B II | I4: Versão B III | J4: Versão B IV
A5: =IF(Protocolos!A5="","",Protocolos!A5) | B5: =IF('Versão A'!B5="","",'Versão A'!B5) | C5: =IFERROR(IF('Versão B'!K5="","",'Versão B'!K5),"") | D5: =IF(OR(B5="",C5=""),"",IF(B5=C5,"Sim","Não")) | F5: Versão A I | G5: =COUNTIFS(B4:B53,"I",C4:C53,"I") -> 0 | H5: =COUNTIFS(B4:B53,"I",C4:C53,"II") -> 0 | I5: =COUNTIFS(B4:B53,"I",C4:C53,"III") -> 0 | J5: =COUNTIFS(B4:B53,"I",C4:C53,"IV") -> 0
A6: =IF(Protocolos!A6="","",Protocolos!A6) | B6: =IF('Versão A'!B6="","",'Versão A'!B6) | C6: =IFERROR(IF('Versão B'!K6="","",'Versão B'!K6),"") | D6: =IF(OR(B6="",C6=""),"",IF(B6=C6,"Sim","Não")) | F6: Versão A II | G6: =COUNTIFS(B4:B53,"II",C4:C53,"I") -> 0 | H6: =COUNTIFS(B4:B53,"II",C4:C53,"II") -> 0 | I6: =COUNTIFS(B4:B53,"II",C4:C53,"III") -> 0 | J6: =COUNTIFS(B4:B53,"II",C4:C53,"IV") -> 0
A7: =IF(Protocolos!A7="","",Protocolos!A7) | B7: =IF('Versão A'!B7="","",'Versão A'!B7) | C7: =IFERROR(IF('Versão B'!K7="","",'Versão B'!K7),"") | D7: =IF(OR(B7="",C7=""),"",IF(B7=C7,"Sim","Não")) | F7: Versão A III | G7: =COUNTIFS(B4:B53,"III",C4:C53,"I") -> 0 | H7: =COUNTIFS(B4:B53,"III",C4:C53,"II") -> 0 | I7: =COUNTIFS(B4:B53,"III",C4:C53,"III") -> 0 | J7: =COUNTIFS(B4:B53,"III",C4:C53,"IV") -> 0
A8: =IF(Protocolos!A8="","",Protocolos!A8) | B8: =IF('Versão A'!B8="","",'Versão A'!B8) | C8: =IFERROR(IF('Versão B'!K8="","",'Versão B'!K8),"") | D8: =IF(OR(B8="",C8=""),"",IF(B8=C8,"Sim","Não")) | F8: Versão A IV | G8: =COUNTIFS(B4:B53,"IV",C4:C53,"I") -> 0 | H8: =COUNTIFS(B4:B53,"IV",C4:C53,"II") -> 0 | I8: =COUNTIFS(B4:B53,"IV",C4:C53,"III") -> 0 | J8: =COUNTIFS(B4:B53,"IV",C4:C53,"IV") -> 0
A9: =IF(Protocolos!A9="","",Protocolos!A9) | B9: =IF('Versão A'!B9="","",'Versão A'!B9) | C9: =IFERROR(IF('Versão B'!K9="","",'Versão B'!K9),"") | D9: =IF(OR(B9="",C9=""),"",IF(B9=C9,"Sim","Não"))
A10: =IF(Protocolos!A10="","",Protocolos!A10) | B10: =IF('Versão A'!B10="","",'Versão A'!B10) | C10: =IFERROR(IF('Versão B'!K10="","",'Versão B'!K10),"") | D10: =IF(OR(B10="",C10=""),"",IF(B10=C10,"Sim","Não")) | F10: Indicador | G10: Valor
A11: =IF(Protocolos!A11="","",Protocolos!A11) | B11: =IF('Versão A'!B11="","",'Versão A'!B11) | C11: =IFERROR(IF('Versão B'!K11="","",'Versão B'!K11),"") | D11: =IF(OR(B11="",C11=""),"",IF(B11=C11,"Sim","Não")) | F11: n pares (A e B preenchidos) | G11: =SUMPRODUCT((B4:B53<>"")*(C4:C53<>"")) -> 0
A12: =IF(Protocolos!A12="","",Protocolos!A12) | B12: =IF('Versão A'!B12="","",'Versão A'!B12) | C12: =IFERROR(IF('Versão B'!K12="","",'Versão B'!K12),"") | D12: =IF(OR(B12="",C12=""),"",IF(B12=C12,"Sim","Não")) | F12: convergências (n) | G12: =COUNTIF(D4:D53,"Sim") -> 0
A13: =IF(Protocolos!A13="","",Protocolos!A13) | B13: =IF('Versão A'!B13="","",'Versão A'!B13) | C13: =IFERROR(IF('Versão B'!K13="","",'Versão B'!K13),"") | D13: =IF(OR(B13="",C13=""),"",IF(B13=C13,"Sim","Não")) | F13: % convergência | G13: =IF(G11=0,"",G12/G11)
A14: =IF(Protocolos!A14="","",Protocolos!A14) | B14: =IF('Versão A'!B14="","",'Versão A'!B14) | C14: =IFERROR(IF('Versão B'!K14="","",'Versão B'!K14),"") | D14: =IF(OR(B14="",C14=""),"",IF(B14=C14,"Sim","Não"))
A15: =IF(Protocolos!A15="","",Protocolos!A15) | B15: =IF('Versão A'!B15="","",'Versão A'!B15) | C15: =IFERROR(IF('Versão B'!K15="","",'Versão B'!K15),"") | D15: =IF(OR(B15="",C15=""),"",IF(B15=C15,"Sim","Não"))
A16: =IF(Protocolos!A16="","",Protocolos!A16) | B16: =IF('Versão A'!B16="","",'Versão A'!B16) | C16: =IFERROR(IF('Versão B'!K16="","",'Versão B'!K16),"") | D16: =IF(OR(B16="",C16=""),"",IF(B16=C16,"Sim","Não"))
A17: =IF(Protocolos!A17="","",Protocolos!A17) | B17: =IF('Versão A'!B17="","",'Versão A'!B17) | C17: =IFERROR(IF('Versão B'!K17="","",'Versão B'!K17),"") | D17: =IF(OR(B17="",C17=""),"",IF(B17=C17,"Sim","Não"))
A18: =IF(Protocolos!A18="","",Protocolos!A18) | B18: =IF('Versão A'!B18="","",'Versão A'!B18) | C18: =IFERROR(IF('Versão B'!K18="","",'Versão B'!K18),"") | D18: =IF(OR(B18="",C18=""),"",IF(B18=C18,"Sim","Não"))
A19: =IF(Protocolos!A19="","",Protocolos!A19) | B19: =IF('Versão A'!B19="","",'Versão A'!B19) | C19: =IFERROR(IF('Versão B'!K19="","",'Versão B'!K19),"") | D19: =IF(OR(B19="",C19=""),"",IF(B19=C19,"Sim","Não"))
A20: =IF(Protocolos!A20="","",Protocolos!A20) | B20: =IF('Versão A'!B20="","",'Versão A'!B20) | C20: =IFERROR(IF('Versão B'!K20="","",'Versão B'!K20),"") | D20: =IF(OR(B20="",C20=""),"",IF(B20=C20,"Sim","Não"))
A21: =IF(Protocolos!A21="","",Protocolos!A21) | B21: =IF('Versão A'!B21="","",'Versão A'!B21) | C21: =IFERROR(IF('Versão B'!K21="","",'Versão B'!K21),"") | D21: =IF(OR(B21="",C21=""),"",IF(B21=C21,"Sim","Não"))
A22: =IF(Protocolos!A22="","",Protocolos!A22) | B22: =IF('Versão A'!B22="","",'Versão A'!B22) | C22: =IFERROR(IF('Versão B'!K22="","",'Versão B'!K22),"") | D22: =IF(OR(B22="",C22=""),"",IF(B22=C22,"Sim","Não"))
A23: =IF(Protocolos!A23="","",Protocolos!A23) | B23: =IF('Versão A'!B23="","",'Versão A'!B23) | C23: =IFERROR(IF('Versão B'!K23="","",'Versão B'!K23),"") | D23: =IF(OR(B23="",C23=""),"",IF(B23=C23,"Sim","Não"))
A24: =IF(Protocolos!A24="","",Protocolos!A24) | B24: =IF('Versão A'!B24="","",'Versão A'!B24) | C24: =IFERROR(IF('Versão B'!K24="","",'Versão B'!K24),"") | D24: =IF(OR(B24="",C24=""),"",IF(B24=C24,"Sim","Não"))
A25: =IF(Protocolos!A25="","",Protocolos!A25) | B25: =IF('Versão A'!B25="","",'Versão A'!B25) | C25: =IFERROR(IF('Versão B'!K25="","",'Versão B'!K25),"") | D25: =IF(OR(B25="",C25=""),"",IF(B25=C25,"Sim","Não"))
... A53: =IF(Protocolos!A53="","",Protocolos!A53) | B53: =IF('Versão A'!B53="","",'Versão A'!B53) | C53: =IFERROR(IF('Versão B'!K53="","",'Versão B'!K53),"") | D53: =IF(OR(B53="",C53=""),"",IF(B53=C53,"Sim","Não"))

Sheet Painel-resumo
A1: Painel-resumo das três frentes de validação
A2: Este painel consolida os indicadores das três frentes. Use-o como ponto de partida da reunião plenária do CEP que discutir os achados da validação local da MARIAH. CEPs que optarem por compartilhar resultados com o Grupo de Trabalho podem enviar somente este painel, sem prejuízo de detalhamento posterior.
A4: Frente 1 — Concordância entre avaliadores na Versão A
A5: n de protocolos avaliados em par | B5: ='Versão A'!H4 -> 0
A6: % de concordância observada | B6: ='Versão A'!H7
A7: kappa de Cohen | B7: ='Versão A'!H9 | C7: <0,40 Insuficiente · 0,40–0,60 Moderada · 0,60–0,80 Substancial · ≥0,80 Quase perfeita
A8: leitura sugerida | B8: ='Versão A'!H10
A10: Frente 2 — Distribuição empírica da casuística (Versão B)
A11: n de protocolos com Versão B aplicada | B11: ='Versão B'!N9 -> 0
A12: % no Nível I (baixo) | B12: ='Versão B'!O5
A13: % no Nível II (moderado) | B13: ='Versão B'!O6
A14: % no Nível III (alto) | B14: ='Versão B'!O7
A15: % no Nível IV (crítico) | B15: ='Versão B'!O8
A16: mediana da pontuação total | B16: ='Versão B'!N12
A17: amplitude (mínimo–máximo) | B17: =IF('Versão B'!N15="","",'Versão B'!N15&" – "&'Versão B'!N16) -> 0 – 0
A19: Frente 3 — Convergência entre Versões A e B (modo triagem)
A20: n pares avaliados pelas duas versões | B20: ='Triagem A↔B'!G11 -> 0
A21: n de convergências | B21: ='Triagem A↔B'!G12 -> 0
A22: % de convergência | B22: ='Triagem A↔B'!G13 | C22: >80% Convergência alta · 60–80% Convergência média · <60% Examinar discordâncias
A24: Para discussão em reunião plenária do CEP
A25: · Onde se concentram as discordâncias entre os avaliadores na Versão A? Em quais eixos?
A26: · A distribuição da casuística sugere concentração próxima a algum ponto de corte? Há protocolos no Nível IV?
A27: · Quando A e B divergem, há padrão (por exemplo, A=II e B=III)? O que esse padrão diz sobre a leitura local da matriz?
A28: · Há perguntas da matriz que os avaliadores leem de modo sistematicamente diferente? Vale rever a redação localmente?
A29: · Os achados sugerem ajustes na capacitação interna do CEP? Em quais temas?
A30: · O colegiado deseja compartilhar os achados com o Grupo de Trabalho? Que formato (planilha completa, só este painel, nota narrativa)?
