Workbook

Sheet Instrucciones
A1: Planilla-modelo · Validación Local de la MARIAH por los CEPs
A3: Esta planilla automatiza el registro y el cálculo de los indicadores de los tres frentes de validación propuestos en la Sección de Validación Local del documento MARIAH. Úsela en Microsoft Excel, LibreOffice Calc o Google Sheets — no requiere instalar ninguna extensión estadística.
A5: Cómo usarla:
A7: 1. Pestaña «Protocolos» — registre cada protocolo con un identificador interno del CEP. No registre datos que permitan identificar al investigador, a la institución proponente o al patrocinador. La planilla no solicita esos datos.
A9: 2. Pestaña «Versión A» — para cada protocolo aplicado en paralelo por dos evaluadores, registre la clasificación consolidada de cada evaluador (I, II, III, IV o NO EVALUABLE). La planilla calcula el porcentaje de concordancia y el estadístico kappa de Cohen sobre los pares con nivel asignado, con lectura sugerida, y la concordancia en cuanto a la evaluabilidad, que incluye los no evaluables.
A11: 3. Pestaña «Versión B» — para cada protocolo evaluado por la Versión B, registre la puntuación neta por bloque (incluido el Bloque 6.b, cuando haya banco de datos) y marque, en las columnas correspondientes, si se activó la Cláusula de Primacía Ética y si el protocolo fue declarado no evaluable. La planilla calcula la puntuación total y el nivel resultante con las mismas reglas de la MARIAH, y genera la distribución de la casuística del CEP en los cuatro niveles.
A13: 4. Pestaña «Triaje A↔B» — para los protocolos que pasaron por las dos versiones en el modo triaje, la planilla cruza las clasificaciones automáticamente y produce la tabla de contingencia 4x4. Los protocolos no evaluables quedan fuera del cruce.
A15: 5. Pestaña «Panel-resumen» — consolida los indicadores de los tres frentes en un panel único, para uso en la reunión plenaria del CEP.
A17: Importante:
A19: · Los evaluadores deben registrar sus clasificaciones de forma independiente, antes de cualquier deliberación colegiada. Concordancias muy altas en todos los ejes pueden indicar deliberación previa entre evaluadores, lo que vacía el ejercicio.
A21: · La planilla admite hasta 50 protocolos por frente. Los CEPs con mayor volumen pueden duplicar la planilla por período de recolección.
A23: · Los cálculos son fórmulas de Excel/Calc. No borre las celdas sombreadas (verde claro). Edite solo las celdas resaltadas en amarillo claro.
... A33: · Pestaña «Versión A» (revisión 2.1): acepta NO EVALUABLE; el kappa usa solo los pares con nivel I–IV y un indicador propio mide la concordancia en cuanto a la evaluabilidad. Nomenclatura: la Sección de Validación Local se cita como parte del documento MARIAH.

Sheet Protocolos
A1: Registro de protocolos evaluados
A2: Complete las columnas en amarillo. El ID interno es libre (ej.: P-001). No registre la identificación del investigador, de la institución ni del patrocinador.
A3: ID interno | B3: Fecha de presentación | C3: Descripción breve (uso de IA en el protocolo) | D3: ¿Fue evaluado por la Versión A? | E3: ¿Fue evaluado por la Versión B?

Sheet Versión A
A1: Versión A — Concordancia entre evaluadores
A2: Para cada protocolo, registre la clasificación consolidada del Evaluador 1 y del Evaluador 2: I, II, III, IV o NO EVALUABLE (cuando la MARIAH declaró el protocolo no evaluable). El kappa de Cohen se calcula solo con los pares en que los dos evaluadores asignaron nivel (I a IV); la concordancia en cuanto a la evaluabilidad, que incluye los NO EVALUABLES, aparece por separado, en el panel a la derecha.
A3: ID interno | B3: Evaluador 1 (I/II/III/IV) | C3: Evaluador 2 (I/II/III/IV) | D3: ¿Concuerdan? | E3: Δ niveles | G3: Indicadores
A4: =IF(Protocolos!A4="","",Protocolos!A4) | D4: =IF(OR(B4="",C4=""),"",IF(AND(ISNUMBER(MATCH(B4,{"I","II","III","IV"},0)),ISNUMBER(MATCH(C4,{"I","II","III","IV"},0))),IF(B4=C4,"Sí","No"),"")) | E4: =IF(OR(B4="",C4=""),"",IF(AND(ISNUMBER(MATCH(B4,{"I","II","III","IV"},0)),ISNUMBER(MATCH(C4,{"I","II","III","IV"},0))),ABS(MATCH(B4,{"I","II","III","IV"},0)-MATCH(C4,{"I","II","III","IV"},0)),"")) | G4: n de pares con nivel I–IV (base del kappa) | H4: =SUMPRODUCT(ISNUMBER(MATCH(B4:B53,{"I","II","III","IV"},0))*ISNUMBER(MATCH(C4:C53,{"I","II","III","IV"},0))) -> 0
A5: =IF(Protocolos!A5="","",Protocolos!A5) | D5: =IF(OR(B5="",C5=""),"",IF(AND(ISNUMBER(MATCH(B5,{"I","II","III","IV"},0)),ISNUMBER(MATCH(C5,{"I","II","III","IV"},0))),IF(B5=C5,"Sí","No"),"")) | E5: =IF(OR(B5="",C5=""),"",IF(AND(ISNUMBER(MATCH(B5,{"I","II","III","IV"},0)),ISNUMBER(MATCH(C5,{"I","II","III","IV"},0))),ABS(MATCH(B5,{"I","II","III","IV"},0)-MATCH(C5,{"I","II","III","IV"},0)),"")) | G5: concordancias (n) | H5: =COUNTIF(D4:D53,"Sí") -> 0
A6: =IF(Protocolos!A6="","",Protocolos!A6) | D6: =IF(OR(B6="",C6=""),"",IF(AND(ISNUMBER(MATCH(B6,{"I","II","III","IV"},0)),ISNUMBER(MATCH(C6,{"I","II","III","IV"},0))),IF(B6=C6,"Sí","No"),"")) | E6: =IF(OR(B6="",C6=""),"",IF(AND(ISNUMBER(MATCH(B6,{"I","II","III","IV"},0)),ISNUMBER(MATCH(C6,{"I","II","III","IV"},0))),ABS(MATCH(B6,{"I","II","III","IV"},0)-MATCH(C6,{"I","II","III","IV"},0)),"")) | G6: discordancias (n) | H6: =COUNTIF(D4:D53,"No") -> 0
A7: =IF(Protocolos!A7="","",Protocolos!A7) | D7: =IF(OR(B7="",C7=""),"",IF(AND(ISNUMBER(MATCH(B7,{"I","II","III","IV"},0)),ISNUMBER(MATCH(C7,{"I","II","III","IV"},0))),IF(B7=C7,"Sí","No"),"")) | E7: =IF(OR(B7="",C7=""),"",IF(AND(ISNUMBER(MATCH(B7,{"I","II","III","IV"},0)),ISNUMBER(MATCH(C7,{"I","II","III","IV"},0))),ABS(MATCH(B7,{"I","II","III","IV"},0)-MATCH(C7,{"I","II","III","IV"},0)),"")) | G7: concordancia observada (po) | H7: =IF(H4=0,"",H5/H4)
A8: =IF(Protocolos!A8="","",Protocolos!A8) | D8: =IF(OR(B8="",C8=""),"",IF(AND(ISNUMBER(MATCH(B8,{"I","II","III","IV"},0)),ISNUMBER(MATCH(C8,{"I","II","III","IV"},0))),IF(B8=C8,"Sí","No"),"")) | E8: =IF(OR(B8="",C8=""),"",IF(AND(ISNUMBER(MATCH(B8,{"I","II","III","IV"},0)),ISNUMBER(MATCH(C8,{"I","II","III","IV"},0))),ABS(MATCH(B8,{"I","II","III","IV"},0)-MATCH(C8,{"I","II","III","IV"},0)),"")) | G8: concordancia esperada (pe, por azar) | H8: =IF(H4=0,"",(SUMPRODUCT((B4:B53="I")*ISNUMBER(MATCH(C4:C53,{"I","II","III","IV"},0)))*SUMPRODUCT((C4:C53="I")*ISNUMBER(MATCH(B4:B53,{"I","II","III","IV"},0)))+SUMPRODUCT((B4:B53="II")*ISNUMBER(MATCH(C4:C53,{"I","II","III","IV"},0)))*SUMPRODUCT((C4:C53="II")*ISNUMBER(MATCH(B4:B53,{"I","II","III","IV"},0)))+SUMPRODUCT((B4:B53="III")*ISNUMBER(MATCH(C4:C53,{"I","II","III","IV"},0)))*SUMPRODUCT((C4:C53="III")*ISNUMBER(MATCH(B4:B53,{"I","II","III","IV"},0)))+SUMPRODUCT((B4:B53="IV")*ISNUMBER(MATCH(C4:C53,{"I","II","III","IV"},0)))*SUMPRODUCT((C4:C53="IV")*ISNUMBER(MATCH(B4:B53,{"I","II","III","IV"},0))))/(H4*H4))
A9: =IF(Protocolos!A9="","",Protocolos!A9) | D9: =IF(OR(B9="",C9=""),"",IF(AND(ISNUMBER(MATCH(B9,{"I","II","III","IV"},0)),ISNUMBER(MATCH(C9,{"I","II","III","IV"},0))),IF(B9=C9,"Sí","No"),"")) | E9: =IF(OR(B9="",C9=""),"",IF(AND(ISNUMBER(MATCH(B9,{"I","II","III","IV"},0)),ISNUMBER(MATCH(C9,{"I","II","III","IV"},0))),ABS(MATCH(B9,{"I","II","III","IV"},0)-MATCH(C9,{"I","II","III","IV"},0)),"")) | G9: kappa de Cohen | H9: =IF(OR(H4=0,H8=1),"",(H7-H8)/(1-H8))
A10: =IF(Protocolos!A10="","",Protocolos!A10) | D10: =IF(OR(B10="",C10=""),"",IF(AND(ISNUMBER(MATCH(B10,{"I","II","III","IV"},0)),ISNUMBER(MATCH(C10,{"I","II","III","IV"},0))),IF(B10=C10,"Sí","No"),"")) | E10: =IF(OR(B10="",C10=""),"",IF(AND(ISNUMBER(MATCH(B10,{"I","II","III","IV"},0)),ISNUMBER(MATCH(C10,{"I","II","III","IV"},0))),ABS(MATCH(B10,{"I","II","III","IV"},0)-MATCH(C10,{"I","II","III","IV"},0)),"")) | G10: lectura sugerida | H10: =IF(H9="","",IF(H9<0.4,"Insuficiente",IF(H9<0.6,"Moderada",IF(H9<0.8,"Sustancial","Casi perfecta"))))
A11: =IF(Protocolos!A11="","",Protocolos!A11) | D11: =IF(OR(B11="",C11=""),"",IF(AND(ISNUMBER(MATCH(B11,{"I","II","III","IV"},0)),ISNUMBER(MATCH(C11,{"I","II","III","IV"},0))),IF(B11=C11,"Sí","No"),"")) | E11: =IF(OR(B11="",C11=""),"",IF(AND(ISNUMBER(MATCH(B11,{"I","II","III","IV"},0)),ISNUMBER(MATCH(C11,{"I","II","III","IV"},0))),ABS(MATCH(B11,{"I","II","III","IV"},0)-MATCH(C11,{"I","II","III","IV"},0)),""))
A12: =IF(Protocolos!A12="","",Protocolos!A12) | D12: =IF(OR(B12="",C12=""),"",IF(AND(ISNUMBER(MATCH(B12,{"I","II","III","IV"},0)),ISNUMBER(MATCH(C12,{"I","II","III","IV"},0))),IF(B12=C12,"Sí","No"),"")) | E12: =IF(OR(B12="",C12=""),"",IF(AND(ISNUMBER(MATCH(B12,{"I","II","III","IV"},0)),ISNUMBER(MATCH(C12,{"I","II","III","IV"},0))),ABS(MATCH(B12,{"I","II","III","IV"},0)-MATCH(C12,{"I","II","III","IV"},0)),"")) | G12: Rangos de lectura según Landis & Koch (1977).
A13: =IF(Protocolos!A13="","",Protocolos!A13) | D13: =IF(OR(B13="",C13=""),"",IF(AND(ISNUMBER(MATCH(B13,{"I","II","III","IV"},0)),ISNUMBER(MATCH(C13,{"I","II","III","IV"},0))),IF(B13=C13,"Sí","No"),"")) | E13: =IF(OR(B13="",C13=""),"",IF(AND(ISNUMBER(MATCH(B13,{"I","II","III","IV"},0)),ISNUMBER(MATCH(C13,{"I","II","III","IV"},0))),ABS(MATCH(B13,{"I","II","III","IV"},0)-MATCH(C13,{"I","II","III","IV"},0)),""))
A14: =IF(Protocolos!A14="","",Protocolos!A14) | D14: =IF(OR(B14="",C14=""),"",IF(AND(ISNUMBER(MATCH(B14,{"I","II","III","IV"},0)),ISNUMBER(MATCH(C14,{"I","II","III","IV"},0))),IF(B14=C14,"Sí","No"),"")) | E14: =IF(OR(B14="",C14=""),"",IF(AND(ISNUMBER(MATCH(B14,{"I","II","III","IV"},0)),ISNUMBER(MATCH(C14,{"I","II","III","IV"},0))),ABS(MATCH(B14,{"I","II","III","IV"},0)-MATCH(C14,{"I","II","III","IV"},0)),"")) | G14: Evaluabilidad (incluye NO EVALUABLE)
A15: =IF(Protocolos!A15="","",Protocolos!A15) | D15: =IF(OR(B15="",C15=""),"",IF(AND(ISNUMBER(MATCH(B15,{"I","II","III","IV"},0)),ISNUMBER(MATCH(C15,{"I","II","III","IV"},0))),IF(B15=C15,"Sí","No"),"")) | E15: =IF(OR(B15="",C15=""),"",IF(AND(ISNUMBER(MATCH(B15,{"I","II","III","IV"},0)),ISNUMBER(MATCH(C15,{"I","II","III","IV"},0))),ABS(MATCH(B15,{"I","II","III","IV"},0)-MATCH(C15,{"I","II","III","IV"},0)),"")) | G15: pares con las dos clasificaciones registradas | H15: =COUNTIFS(B4:B53,"<>",C4:C53,"<>") -> 0
A16: =IF(Protocolos!A16="","",Protocolos!A16) | D16: =IF(OR(B16="",C16=""),"",IF(AND(ISNUMBER(MATCH(B16,{"I","II","III","IV"},0)),ISNUMBER(MATCH(C16,{"I","II","III","IV"},0))),IF(B16=C16,"Sí","No"),"")) | E16: =IF(OR(B16="",C16=""),"",IF(AND(ISNUMBER(MATCH(B16,{"I","II","III","IV"},0)),ISNUMBER(MATCH(C16,{"I","II","III","IV"},0))),ABS(MATCH(B16,{"I","II","III","IV"},0)-MATCH(C16,{"I","II","III","IV"},0)),"")) | G16: pares con NO EVALUABLE (fuera del kappa) | H16: =IF(H15="","",H15-H4) -> 0
A17: =IF(Protocolos!A17="","",Protocolos!A17) | D17: =IF(OR(B17="",C17=""),"",IF(AND(ISNUMBER(MATCH(B17,{"I","II","III","IV"},0)),ISNUMBER(MATCH(C17,{"I","II","III","IV"},0))),IF(B17=C17,"Sí","No"),"")) | E17: =IF(OR(B17="",C17=""),"",IF(AND(ISNUMBER(MATCH(B17,{"I","II","III","IV"},0)),ISNUMBER(MATCH(C17,{"I","II","III","IV"},0))),ABS(MATCH(B17,{"I","II","III","IV"},0)-MATCH(C17,{"I","II","III","IV"},0)),"")) | G17: concordancia en cuanto a la evaluabilidad | H17: =IF(H15=0,"",(H4+COUNTIFS(B4:B53,"NO EVALUABLE",C4:C53,"NO EVALUABLE"))/H15)
A18: =IF(Protocolos!A18="","",Protocolos!A18) | D18: =IF(OR(B18="",C18=""),"",IF(AND(ISNUMBER(MATCH(B18,{"I","II","III","IV"},0)),ISNUMBER(MATCH(C18,{"I","II","III","IV"},0))),IF(B18=C18,"Sí","No"),"")) | E18: =IF(OR(B18="",C18=""),"",IF(AND(ISNUMBER(MATCH(B18,{"I","II","III","IV"},0)),ISNUMBER(MATCH(C18,{"I","II","III","IV"},0))),ABS(MATCH(B18,{"I","II","III","IV"},0)-MATCH(C18,{"I","II","III","IV"},0)),""))
A19: =IF(Protocolos!A19="","",Protocolos!A19) | D19: =IF(OR(B19="",C19=""),"",IF(AND(ISNUMBER(MATCH(B19,{"I","II","III","IV"},0)),ISNUMBER(MATCH(C19,{"I","II","III","IV"},0))),IF(B19=C19,"Sí","No"),"")) | E19: =IF(OR(B19="",C19=""),"",IF(AND(ISNUMBER(MATCH(B19,{"I","II","III","IV"},0)),ISNUMBER(MATCH(C19,{"I","II","III","IV"},0))),ABS(MATCH(B19,{"I","II","III","IV"},0)-MATCH(C19,{"I","II","III","IV"},0)),""))
A20: =IF(Protocolos!A20="","",Protocolos!A20) | D20: =IF(OR(B20="",C20=""),"",IF(AND(ISNUMBER(MATCH(B20,{"I","II","III","IV"},0)),ISNUMBER(MATCH(C20,{"I","II","III","IV"},0))),IF(B20=C20,"Sí","No"),"")) | E20: =IF(OR(B20="",C20=""),"",IF(AND(ISNUMBER(MATCH(B20,{"I","II","III","IV"},0)),ISNUMBER(MATCH(C20,{"I","II","III","IV"},0))),ABS(MATCH(B20,{"I","II","III","IV"},0)-MATCH(C20,{"I","II","III","IV"},0)),""))
A21: =IF(Protocolos!A21="","",Protocolos!A21) | D21: =IF(OR(B21="",C21=""),"",IF(AND(ISNUMBER(MATCH(B21,{"I","II","III","IV"},0)),ISNUMBER(MATCH(C21,{"I","II","III","IV"},0))),IF(B21=C21,"Sí","No"),"")) | E21: =IF(OR(B21="",C21=""),"",IF(AND(ISNUMBER(MATCH(B21,{"I","II","III","IV"},0)),ISNUMBER(MATCH(C21,{"I","II","III","IV"},0))),ABS(MATCH(B21,{"I","II","III","IV"},0)-MATCH(C21,{"I","II","III","IV"},0)),""))
A22: =IF(Protocolos!A22="","",Protocolos!A22) | D22: =IF(OR(B22="",C22=""),"",IF(AND(ISNUMBER(MATCH(B22,{"I","II","III","IV"},0)),ISNUMBER(MATCH(C22,{"I","II","III","IV"},0))),IF(B22=C22,"Sí","No"),"")) | E22: =IF(OR(B22="",C22=""),"",IF(AND(ISNUMBER(MATCH(B22,{"I","II","III","IV"},0)),ISNUMBER(MATCH(C22,{"I","II","III","IV"},0))),ABS(MATCH(B22,{"I","II","III","IV"},0)-MATCH(C22,{"I","II","III","IV"},0)),""))
A23: =IF(Protocolos!A23="","",Protocolos!A23) | D23: =IF(OR(B23="",C23=""),"",IF(AND(ISNUMBER(MATCH(B23,{"I","II","III","IV"},0)),ISNUMBER(MATCH(C23,{"I","II","III","IV"},0))),IF(B23=C23,"Sí","No"),"")) | E23: =IF(OR(B23="",C23=""),"",IF(AND(ISNUMBER(MATCH(B23,{"I","II","III","IV"},0)),ISNUMBER(MATCH(C23,{"I","II","III","IV"},0))),ABS(MATCH(B23,{"I","II","III","IV"},0)-MATCH(C23,{"I","II","III","IV"},0)),""))
A24: =IF(Protocolos!A24="","",Protocolos!A24) | D24: =IF(OR(B24="",C24=""),"",IF(AND(ISNUMBER(MATCH(B24,{"I","II","III","IV"},0)),ISNUMBER(MATCH(C24,{"I","II","III","IV"},0))),IF(B24=C24,"Sí","No"),"")) | E24: =IF(OR(B24="",C24=""),"",IF(AND(ISNUMBER(MATCH(B24,{"I","II","III","IV"},0)),ISNUMBER(MATCH(C24,{"I","II","III","IV"},0))),ABS(MATCH(B24,{"I","II","III","IV"},0)-MATCH(C24,{"I","II","III","IV"},0)),""))
A25: =IF(Protocolos!A25="","",Protocolos!A25) | D25: =IF(OR(B25="",C25=""),"",IF(AND(ISNUMBER(MATCH(B25,{"I","II","III","IV"},0)),ISNUMBER(MATCH(C25,{"I","II","III","IV"},0))),IF(B25=C25,"Sí","No"),"")) | E25: =IF(OR(B25="",C25=""),"",IF(AND(ISNUMBER(MATCH(B25,{"I","II","III","IV"},0)),ISNUMBER(MATCH(C25,{"I","II","III","IV"},0))),ABS(MATCH(B25,{"I","II","III","IV"},0)-MATCH(C25,{"I","II","III","IV"},0)),""))
A26: =IF(Protocolos!A26="","",Protocolos!A26) | D26: =IF(OR(B26="",C26=""),"",IF(AND(ISNUMBER(MATCH(B26,{"I","II","III","IV"},0)),ISNUMBER(MATCH(C26,{"I","II","III","IV"},0))),IF(B26=C26,"Sí","No"),"")) | E26: =IF(OR(B26="",C26=""),"",IF(AND(ISNUMBER(MATCH(B26,{"I","II","III","IV"},0)),ISNUMBER(MATCH(C26,{"I","II","III","IV"},0))),ABS(MATCH(B26,{"I","II","III","IV"},0)-MATCH(C26,{"I","II","III","IV"},0)),""))
A27: =IF(Protocolos!A27="","",Protocolos!A27) | D27: =IF(OR(B27="",C27=""),"",IF(AND(ISNUMBER(MATCH(B27,{"I","II","III","IV"},0)),ISNUMBER(MATCH(C27,{"I","II","III","IV"},0))),IF(B27=C27,"Sí","No"),"")) | E27: =IF(OR(B27="",C27=""),"",IF(AND(ISNUMBER(MATCH(B27,{"I","II","III","IV"},0)),ISNUMBER(MATCH(C27,{"I","II","III","IV"},0))),ABS(MATCH(B27,{"I","II","III","IV"},0)-MATCH(C27,{"I","II","III","IV"},0)),""))
A28: =IF(Protocolos!A28="","",Protocolos!A28) | D28: =IF(OR(B28="",C28=""),"",IF(AND(ISNUMBER(MATCH(B28,{"I","II","III","IV"},0)),ISNUMBER(MATCH(C28,{"I","II","III","IV"},0))),IF(B28=C28,"Sí","No"),"")) | E28: =IF(OR(B28="",C28=""),"",IF(AND(ISNUMBER(MATCH(B28,{"I","II","III","IV"},0)),ISNUMBER(MATCH(C28,{"I","II","III","IV"},0))),ABS(MATCH(B28,{"I","II","III","IV"},0)-MATCH(C28,{"I","II","III","IV"},0)),""))
A29: =IF(Protocolos!A29="","",Protocolos!A29) | D29: =IF(OR(B29="",C29=""),"",IF(AND(ISNUMBER(MATCH(B29,{"I","II","III","IV"},0)),ISNUMBER(MATCH(C29,{"I","II","III","IV"},0))),IF(B29=C29,"Sí","No"),"")) | E29: =IF(OR(B29="",C29=""),"",IF(AND(ISNUMBER(MATCH(B29,{"I","II","III","IV"},0)),ISNUMBER(MATCH(C29,{"I","II","III","IV"},0))),ABS(MATCH(B29,{"I","II","III","IV"},0)-MATCH(C29,{"I","II","III","IV"},0)),""))
... A53: =IF(Protocolos!A53="","",Protocolos!A53) | D53: =IF(OR(B53="",C53=""),"",IF(AND(ISNUMBER(MATCH(B53,{"I","II","III","IV"},0)),ISNUMBER(MATCH(C53,{"I","II","III","IV"},0))),IF(B53=C53,"Sí","No"),"")) | E53: =IF(OR(B53="",C53=""),"",IF(AND(ISNUMBER(MATCH(B53,{"I","II","III","IV"},0)),ISNUMBER(MATCH(C53,{"I","II","III","IV"},0))),ABS(MATCH(B53,{"I","II","III","IV"},0)-MATCH(C53,{"I","II","III","IV"},0)),""))

Sheet Versión B
A1: Versión B — Puntuación por bloque y distribución
A2: Registre la puntuación neta de cada bloque, tal como la muestra la MARIAH. Puntos máximos: Bloque 1 = 22, 2 = 17, 3 = 14, 4 = 8, 5 = 62, 6 = 77, 6.b = 29 (solo con banco de datos, Res. CNS n.º 738/2024) y 7 = hasta 75 (bidireccional, mínimo 0). En las columnas J, K y L, elija «Sí» o «No»: J = el protocolo utiliza banco de datos; K = se activó la Cláusula de Primacía Ética (P4.1 o P4.2 = Sí — el nivel es IV cualquiera que sea la puntuación); L = la MARIAH declaró el protocolo NO EVALUABLE (eliminatoria) — sale de la distribución y de las estadísticas.
A3: ID interno | B3: Bloque 1 | C3: Bloque 2 | D3: Bloque 3 | E3: Bloque 4 | F3: Bloque 5 | G3: Bloque 6 | H3: Bloque 6.b (Res 738) | I3: Bloque 7 (neto) | J3: ¿Usa BD? | K3: ¿Cláusula de Primacía? | L3: ¿No evaluable? | M3: Total | N3: Nivel | P3: Distribución en los niveles
A4: =IF(Protocolos!A4="","",Protocolos!A4) | M4: =IF(L4="Sí","",IF(COUNT(B4:I4)=0,"",MAX(0,SUM(B4:I4)))) | N4: =IF(L4="Sí","NO EVALUABLE",IF(M4="","",IF(K4="Sí","IV",IF(J4="Sí",IF(M4<=64,"I",IF(M4<=141,"II",IF(M4<=230,"III","IV"))),IF(M4<=58,"I",IF(M4<=127,"II",IF(M4<=208,"III","IV"))))))) | P4: Nivel | Q4: n | R4: %
A5: =IF(Protocolos!A5="","",Protocolos!A5) | M5: =IF(L5="Sí","",IF(COUNT(B5:I5)=0,"",MAX(0,SUM(B5:I5)))) | N5: =IF(L5="Sí","NO EVALUABLE",IF(M5="","",IF(K5="Sí","IV",IF(J5="Sí",IF(M5<=64,"I",IF(M5<=141,"II",IF(M5<=230,"III","IV"))),IF(M5<=58,"I",IF(M5<=127,"II",IF(M5<=208,"III","IV"))))))) | P5: I | Q5: =COUNTIF(N4:N53,"I") -> 0 | R5: =IF(SUM(Q5:Q8)=0,"",Q5/SUM(Q5:Q8))
A6: =IF(Protocolos!A6="","",Protocolos!A6) | M6: =IF(L6="Sí","",IF(COUNT(B6:I6)=0,"",MAX(0,SUM(B6:I6)))) | N6: =IF(L6="Sí","NO EVALUABLE",IF(M6="","",IF(K6="Sí","IV",IF(J6="Sí",IF(M6<=64,"I",IF(M6<=141,"II",IF(M6<=230,"III","IV"))),IF(M6<=58,"I",IF(M6<=127,"II",IF(M6<=208,"III","IV"))))))) | P6: II | Q6: =COUNTIF(N4:N53,"II") -> 0 | R6: =IF(SUM(Q5:Q8)=0,"",Q6/SUM(Q5:Q8))
A7: =IF(Protocolos!A7="","",Protocolos!A7) | M7: =IF(L7="Sí","",IF(COUNT(B7:I7)=0,"",MAX(0,SUM(B7:I7)))) | N7: =IF(L7="Sí","NO EVALUABLE",IF(M7="","",IF(K7="Sí","IV",IF(J7="Sí",IF(M7<=64,"I",IF(M7<=141,"II",IF(M7<=230,"III","IV"))),IF(M7<=58,"I",IF(M7<=127,"II",IF(M7<=208,"III","IV"))))))) | P7: III | Q7: =COUNTIF(N4:N53,"III") -> 0 | R7: =IF(SUM(Q5:Q8)=0,"",Q7/SUM(Q5:Q8))
A8: =IF(Protocolos!A8="","",Protocolos!A8) | M8: =IF(L8="Sí","",IF(COUNT(B8:I8)=0,"",MAX(0,SUM(B8:I8)))) | N8: =IF(L8="Sí","NO EVALUABLE",IF(M8="","",IF(K8="Sí","IV",IF(J8="Sí",IF(M8<=64,"I",IF(M8<=141,"II",IF(M8<=230,"III","IV"))),IF(M8<=58,"I",IF(M8<=127,"II",IF(M8<=208,"III","IV"))))))) | P8: IV | Q8: =COUNTIF(N4:N53,"IV") -> 0 | R8: =IF(SUM(Q5:Q8)=0,"",Q8/SUM(Q5:Q8))
A9: =IF(Protocolos!A9="","",Protocolos!A9) | M9: =IF(L9="Sí","",IF(COUNT(B9:I9)=0,"",MAX(0,SUM(B9:I9)))) | N9: =IF(L9="Sí","NO EVALUABLE",IF(M9="","",IF(K9="Sí","IV",IF(J9="Sí",IF(M9<=64,"I",IF(M9<=141,"II",IF(M9<=230,"III","IV"))),IF(M9<=58,"I",IF(M9<=127,"II",IF(M9<=208,"III","IV"))))))) | P9: Total con nivel | Q9: =SUM(Q5:Q8) -> 0
A10: =IF(Protocolos!A10="","",Protocolos!A10) | M10: =IF(L10="Sí","",IF(COUNT(B10:I10)=0,"",MAX(0,SUM(B10:I10)))) | N10: =IF(L10="Sí","NO EVALUABLE",IF(M10="","",IF(K10="Sí","IV",IF(J10="Sí",IF(M10<=64,"I",IF(M10<=141,"II",IF(M10<=230,"III","IV"))),IF(M10<=58,"I",IF(M10<=127,"II",IF(M10<=208,"III","IV"))))))) | P10: No evaluables (fuera de la distribución) | Q10: =COUNTIF(N4:N53,"NO EVALUABLE") -> 0
A11: =IF(Protocolos!A11="","",Protocolos!A11) | M11: =IF(L11="Sí","",IF(COUNT(B11:I11)=0,"",MAX(0,SUM(B11:I11)))) | N11: =IF(L11="Sí","NO EVALUABLE",IF(M11="","",IF(K11="Sí","IV",IF(J11="Sí",IF(M11<=64,"I",IF(M11<=141,"II",IF(M11<=230,"III","IV"))),IF(M11<=58,"I",IF(M11<=127,"II",IF(M11<=208,"III","IV"))))))) | P11: Elevados a IV por la Cláusula de Primacía | Q11: =COUNTIFS(K4:K53,"Sí",N4:N53,"IV") -> 0
A12: =IF(Protocolos!A12="","",Protocolos!A12) | M12: =IF(L12="Sí","",IF(COUNT(B12:I12)=0,"",MAX(0,SUM(B12:I12)))) | N12: =IF(L12="Sí","NO EVALUABLE",IF(M12="","",IF(K12="Sí","IV",IF(J12="Sí",IF(M12<=64,"I",IF(M12<=141,"II",IF(M12<=230,"III","IV"))),IF(M12<=58,"I",IF(M12<=127,"II",IF(M12<=208,"III","IV")))))))
A13: =IF(Protocolos!A13="","",Protocolos!A13) | M13: =IF(L13="Sí","",IF(COUNT(B13:I13)=0,"",MAX(0,SUM(B13:I13)))) | N13: =IF(L13="Sí","NO EVALUABLE",IF(M13="","",IF(K13="Sí","IV",IF(J13="Sí",IF(M13<=64,"I",IF(M13<=141,"II",IF(M13<=230,"III","IV"))),IF(M13<=58,"I",IF(M13<=127,"II",IF(M13<=208,"III","IV"))))))) | P13: Estadísticas de la puntuación total (sin los no evaluables)
A14: =IF(Protocolos!A14="","",Protocolos!A14) | M14: =IF(L14="Sí","",IF(COUNT(B14:I14)=0,"",MAX(0,SUM(B14:I14)))) | N14: =IF(L14="Sí","NO EVALUABLE",IF(M14="","",IF(K14="Sí","IV",IF(J14="Sí",IF(M14<=64,"I",IF(M14<=141,"II",IF(M14<=230,"III","IV"))),IF(M14<=58,"I",IF(M14<=127,"II",IF(M14<=208,"III","IV"))))))) | P14: Mediana | Q14: =IFERROR(MEDIAN(M4:M53),"")
A15: =IF(Protocolos!A15="","",Protocolos!A15) | M15: =IF(L15="Sí","",IF(COUNT(B15:I15)=0,"",MAX(0,SUM(B15:I15)))) | N15: =IF(L15="Sí","NO EVALUABLE",IF(M15="","",IF(K15="Sí","IV",IF(J15="Sí",IF(M15<=64,"I",IF(M15<=141,"II",IF(M15<=230,"III","IV"))),IF(M15<=58,"I",IF(M15<=127,"II",IF(M15<=208,"III","IV"))))))) | P15: Media | Q15: =IFERROR(AVERAGE(M4:M53),"")
A16: =IF(Protocolos!A16="","",Protocolos!A16) | M16: =IF(L16="Sí","",IF(COUNT(B16:I16)=0,"",MAX(0,SUM(B16:I16)))) | N16: =IF(L16="Sí","NO EVALUABLE",IF(M16="","",IF(K16="Sí","IV",IF(J16="Sí",IF(M16<=64,"I",IF(M16<=141,"II",IF(M16<=230,"III","IV"))),IF(M16<=58,"I",IF(M16<=127,"II",IF(M16<=208,"III","IV"))))))) | P16: Desviación estándar | Q16: =IFERROR(STDEV(M4:M53),"")
A17: =IF(Protocolos!A17="","",Protocolos!A17) | M17: =IF(L17="Sí","",IF(COUNT(B17:I17)=0,"",MAX(0,SUM(B17:I17)))) | N17: =IF(L17="Sí","NO EVALUABLE",IF(M17="","",IF(K17="Sí","IV",IF(J17="Sí",IF(M17<=64,"I",IF(M17<=141,"II",IF(M17<=230,"III","IV"))),IF(M17<=58,"I",IF(M17<=127,"II",IF(M17<=208,"III","IV"))))))) | P17: Mínimo | Q17: =IFERROR(MIN(M4:M53),"") -> 0
A18: =IF(Protocolos!A18="","",Protocolos!A18) | M18: =IF(L18="Sí","",IF(COUNT(B18:I18)=0,"",MAX(0,SUM(B18:I18)))) | N18: =IF(L18="Sí","NO EVALUABLE",IF(M18="","",IF(K18="Sí","IV",IF(J18="Sí",IF(M18<=64,"I",IF(M18<=141,"II",IF(M18<=230,"III","IV"))),IF(M18<=58,"I",IF(M18<=127,"II",IF(M18<=208,"III","IV"))))))) | P18: Máximo | Q18: =IFERROR(MAX(M4:M53),"") -> 0
A19: =IF(Protocolos!A19="","",Protocolos!A19) | M19: =IF(L19="Sí","",IF(COUNT(B19:I19)=0,"",MAX(0,SUM(B19:I19)))) | N19: =IF(L19="Sí","NO EVALUABLE",IF(M19="","",IF(K19="Sí","IV",IF(J19="Sí",IF(M19<=64,"I",IF(M19<=141,"II",IF(M19<=230,"III","IV"))),IF(M19<=58,"I",IF(M19<=127,"II",IF(M19<=208,"III","IV")))))))
A20: =IF(Protocolos!A20="","",Protocolos!A20) | M20: =IF(L20="Sí","",IF(COUNT(B20:I20)=0,"",MAX(0,SUM(B20:I20)))) | N20: =IF(L20="Sí","NO EVALUABLE",IF(M20="","",IF(K20="Sí","IV",IF(J20="Sí",IF(M20<=64,"I",IF(M20<=141,"II",IF(M20<=230,"III","IV"))),IF(M20<=58,"I",IF(M20<=127,"II",IF(M20<=208,"III","IV")))))))
A21: =IF(Protocolos!A21="","",Protocolos!A21) | M21: =IF(L21="Sí","",IF(COUNT(B21:I21)=0,"",MAX(0,SUM(B21:I21)))) | N21: =IF(L21="Sí","NO EVALUABLE",IF(M21="","",IF(K21="Sí","IV",IF(J21="Sí",IF(M21<=64,"I",IF(M21<=141,"II",IF(M21<=230,"III","IV"))),IF(M21<=58,"I",IF(M21<=127,"II",IF(M21<=208,"III","IV")))))))
A22: =IF(Protocolos!A22="","",Protocolos!A22) | M22: =IF(L22="Sí","",IF(COUNT(B22:I22)=0,"",MAX(0,SUM(B22:I22)))) | N22: =IF(L22="Sí","NO EVALUABLE",IF(M22="","",IF(K22="Sí","IV",IF(J22="Sí",IF(M22<=64,"I",IF(M22<=141,"II",IF(M22<=230,"III","IV"))),IF(M22<=58,"I",IF(M22<=127,"II",IF(M22<=208,"III","IV")))))))
A23: =IF(Protocolos!A23="","",Protocolos!A23) | M23: =IF(L23="Sí","",IF(COUNT(B23:I23)=0,"",MAX(0,SUM(B23:I23)))) | N23: =IF(L23="Sí","NO EVALUABLE",IF(M23="","",IF(K23="Sí","IV",IF(J23="Sí",IF(M23<=64,"I",IF(M23<=141,"II",IF(M23<=230,"III","IV"))),IF(M23<=58,"I",IF(M23<=127,"II",IF(M23<=208,"III","IV")))))))
A24: =IF(Protocolos!A24="","",Protocolos!A24) | M24: =IF(L24="Sí","",IF(COUNT(B24:I24)=0,"",MAX(0,SUM(B24:I24)))) | N24: =IF(L24="Sí","NO EVALUABLE",IF(M24="","",IF(K24="Sí","IV",IF(J24="Sí",IF(M24<=64,"I",IF(M24<=141,"II",IF(M24<=230,"III","IV"))),IF(M24<=58,"I",IF(M24<=127,"II",IF(M24<=208,"III","IV")))))))
A25: =IF(Protocolos!A25="","",Protocolos!A25) | M25: =IF(L25="Sí","",IF(COUNT(B25:I25)=0,"",MAX(0,SUM(B25:I25)))) | N25: =IF(L25="Sí","NO EVALUABLE",IF(M25="","",IF(K25="Sí","IV",IF(J25="Sí",IF(M25<=64,"I",IF(M25<=141,"II",IF(M25<=230,"III","IV"))),IF(M25<=58,"I",IF(M25<=127,"II",IF(M25<=208,"III","IV")))))))
A26: =IF(Protocolos!A26="","",Protocolos!A26) | M26: =IF(L26="Sí","",IF(COUNT(B26:I26)=0,"",MAX(0,SUM(B26:I26)))) | N26: =IF(L26="Sí","NO EVALUABLE",IF(M26="","",IF(K26="Sí","IV",IF(J26="Sí",IF(M26<=64,"I",IF(M26<=141,"II",IF(M26<=230,"III","IV"))),IF(M26<=58,"I",IF(M26<=127,"II",IF(M26<=208,"III","IV")))))))
A27: =IF(Protocolos!A27="","",Protocolos!A27) | M27: =IF(L27="Sí","",IF(COUNT(B27:I27)=0,"",MAX(0,SUM(B27:I27)))) | N27: =IF(L27="Sí","NO EVALUABLE",IF(M27="","",IF(K27="Sí","IV",IF(J27="Sí",IF(M27<=64,"I",IF(M27<=141,"II",IF(M27<=230,"III","IV"))),IF(M27<=58,"I",IF(M27<=127,"II",IF(M27<=208,"III","IV")))))))
A28: =IF(Protocolos!A28="","",Protocolos!A28) | M28: =IF(L28="Sí","",IF(COUNT(B28:I28)=0,"",MAX(0,SUM(B28:I28)))) | N28: =IF(L28="Sí","NO EVALUABLE",IF(M28="","",IF(K28="Sí","IV",IF(J28="Sí",IF(M28<=64,"I",IF(M28<=141,"II",IF(M28<=230,"III","IV"))),IF(M28<=58,"I",IF(M28<=127,"II",IF(M28<=208,"III","IV")))))))
A29: =IF(Protocolos!A29="","",Protocolos!A29) | M29: =IF(L29="Sí","",IF(COUNT(B29:I29)=0,"",MAX(0,SUM(B29:I29)))) | N29: =IF(L29="Sí","NO EVALUABLE",IF(M29="","",IF(K29="Sí","IV",IF(J29="Sí",IF(M29<=64,"I",IF(M29<=141,"II",IF(M29<=230,"III","IV"))),IF(M29<=58,"I",IF(M29<=127,"II",IF(M29<=208,"III","IV")))))))
A30: =IF(Protocolos!A30="","",Protocolos!A30) | M30: =IF(L30="Sí","",IF(COUNT(B30:I30)=0,"",MAX(0,SUM(B30:I30)))) | N30: =IF(L30="Sí","NO EVALUABLE",IF(M30="","",IF(K30="Sí","IV",IF(J30="Sí",IF(M30<=64,"I",IF(M30<=141,"II",IF(M30<=230,"III","IV"))),IF(M30<=58,"I",IF(M30<=127,"II",IF(M30<=208,"III","IV")))))))
... A53: =IF(Protocolos!A53="","",Protocolos!A53) | M53: =IF(L53="Sí","",IF(COUNT(B53:I53)=0,"",MAX(0,SUM(B53:I53)))) | N53: =IF(L53="Sí","NO EVALUABLE",IF(M53="","",IF(K53="Sí","IV",IF(J53="Sí",IF(M53<=64,"I",IF(M53<=141,"II",IF(M53<=230,"III","IV"))),IF(M53<=58,"I",IF(M53<=127,"II",IF(M53<=208,"III","IV")))))))

Sheet Triaje A↔B
A1: Triaje A↔B — Convergencia entre las dos versiones
A2: Para los protocolos evaluados por las dos versiones, la planilla lee automáticamente las clasificaciones de la Versión A (columna B) y de la Versión B (columna N de la pestaña «Versión B», que ya respeta la Cláusula de Primacía) y produce la tabla de contingencia 4x4 a continuación. Los protocolos NO EVALUABLES en cualquiera de las versiones quedan fuera de la convergencia.
A3: ID interno | B3: Versión A (consolidada) | C3: Versión B (nivel) | D3: ¿Convergen? | F3: Tabla de contingencia (filas = Versión A · columnas = Versión B)
A4: =IF(Protocolos!A4="","",Protocolos!A4) | B4: =IF('Versión A'!B4="","",'Versión A'!B4) | C4: =IFERROR(IF('Versión B'!N4="","",'Versión B'!N4),"") | D4: =IF(OR(B4="",C4="",ISNA(MATCH(B4,{"I","II","III","IV"},0)),ISNA(MATCH(C4,{"I","II","III","IV"},0))),"",IF(B4=C4,"Sí","No")) | G4: Versión B I | H4: Versión B II | I4: Versión B III | J4: Versión B IV
A5: =IF(Protocolos!A5="","",Protocolos!A5) | B5: =IF('Versión A'!B5="","",'Versión A'!B5) | C5: =IFERROR(IF('Versión B'!N5="","",'Versión B'!N5),"") | D5: =IF(OR(B5="",C5="",ISNA(MATCH(B5,{"I","II","III","IV"},0)),ISNA(MATCH(C5,{"I","II","III","IV"},0))),"",IF(B5=C5,"Sí","No")) | F5: Versión A I | G5: =COUNTIFS(B4:B53,"I",C4:C53,"I") -> 0 | H5: =COUNTIFS(B4:B53,"I",C4:C53,"II") -> 0 | I5: =COUNTIFS(B4:B53,"I",C4:C53,"III") -> 0 | J5: =COUNTIFS(B4:B53,"I",C4:C53,"IV") -> 0
A6: =IF(Protocolos!A6="","",Protocolos!A6) | B6: =IF('Versión A'!B6="","",'Versión A'!B6) | C6: =IFERROR(IF('Versión B'!N6="","",'Versión B'!N6),"") | D6: =IF(OR(B6="",C6="",ISNA(MATCH(B6,{"I","II","III","IV"},0)),ISNA(MATCH(C6,{"I","II","III","IV"},0))),"",IF(B6=C6,"Sí","No")) | F6: Versión A II | G6: =COUNTIFS(B4:B53,"II",C4:C53,"I") -> 0 | H6: =COUNTIFS(B4:B53,"II",C4:C53,"II") -> 0 | I6: =COUNTIFS(B4:B53,"II",C4:C53,"III") -> 0 | J6: =COUNTIFS(B4:B53,"II",C4:C53,"IV") -> 0
A7: =IF(Protocolos!A7="","",Protocolos!A7) | B7: =IF('Versión A'!B7="","",'Versión A'!B7) | C7: =IFERROR(IF('Versión B'!N7="","",'Versión B'!N7),"") | D7: =IF(OR(B7="",C7="",ISNA(MATCH(B7,{"I","II","III","IV"},0)),ISNA(MATCH(C7,{"I","II","III","IV"},0))),"",IF(B7=C7,"Sí","No")) | F7: Versión A III | G7: =COUNTIFS(B4:B53,"III",C4:C53,"I") -> 0 | H7: =COUNTIFS(B4:B53,"III",C4:C53,"II") -> 0 | I7: =COUNTIFS(B4:B53,"III",C4:C53,"III") -> 0 | J7: =COUNTIFS(B4:B53,"III",C4:C53,"IV") -> 0
A8: =IF(Protocolos!A8="","",Protocolos!A8) | B8: =IF('Versión A'!B8="","",'Versión A'!B8) | C8: =IFERROR(IF('Versión B'!N8="","",'Versión B'!N8),"") | D8: =IF(OR(B8="",C8="",ISNA(MATCH(B8,{"I","II","III","IV"},0)),ISNA(MATCH(C8,{"I","II","III","IV"},0))),"",IF(B8=C8,"Sí","No")) | F8: Versión A IV | G8: =COUNTIFS(B4:B53,"IV",C4:C53,"I") -> 0 | H8: =COUNTIFS(B4:B53,"IV",C4:C53,"II") -> 0 | I8: =COUNTIFS(B4:B53,"IV",C4:C53,"III") -> 0 | J8: =COUNTIFS(B4:B53,"IV",C4:C53,"IV") -> 0
A9: =IF(Protocolos!A9="","",Protocolos!A9) | B9: =IF('Versión A'!B9="","",'Versión A'!B9) | C9: =IFERROR(IF('Versión B'!N9="","",'Versión B'!N9),"") | D9: =IF(OR(B9="",C9="",ISNA(MATCH(B9,{"I","II","III","IV"},0)),ISNA(MATCH(C9,{"I","II","III","IV"},0))),"",IF(B9=C9,"Sí","No"))
A10: =IF(Protocolos!A10="","",Protocolos!A10) | B10: =IF('Versión A'!B10="","",'Versión A'!B10) | C10: =IFERROR(IF('Versión B'!N10="","",'Versión B'!N10),"") | D10: =IF(OR(B10="",C10="",ISNA(MATCH(B10,{"I","II","III","IV"},0)),ISNA(MATCH(C10,{"I","II","III","IV"},0))),"",IF(B10=C10,"Sí","No")) | F10: Indicador | G10: Valor
A11: =IF(Protocolos!A11="","",Protocolos!A11) | B11: =IF('Versión A'!B11="","",'Versión A'!B11) | C11: =IFERROR(IF('Versión B'!N11="","",'Versión B'!N11),"") | D11: =IF(OR(B11="",C11="",ISNA(MATCH(B11,{"I","II","III","IV"},0)),ISNA(MATCH(C11,{"I","II","III","IV"},0))),"",IF(B11=C11,"Sí","No")) | F11: n pares válidos (A y B con nivel I–IV) | G11: =COUNTIF(D4:D53,"Sí")+COUNTIF(D4:D53,"No") -> 0
A12: =IF(Protocolos!A12="","",Protocolos!A12) | B12: =IF('Versión A'!B12="","",'Versión A'!B12) | C12: =IFERROR(IF('Versión B'!N12="","",'Versión B'!N12),"") | D12: =IF(OR(B12="",C12="",ISNA(MATCH(B12,{"I","II","III","IV"},0)),ISNA(MATCH(C12,{"I","II","III","IV"},0))),"",IF(B12=C12,"Sí","No")) | F12: convergencias (n) | G12: =COUNTIF(D4:D53,"Sí") -> 0
A13: =IF(Protocolos!A13="","",Protocolos!A13) | B13: =IF('Versión A'!B13="","",'Versión A'!B13) | C13: =IFERROR(IF('Versión B'!N13="","",'Versión B'!N13),"") | D13: =IF(OR(B13="",C13="",ISNA(MATCH(B13,{"I","II","III","IV"},0)),ISNA(MATCH(C13,{"I","II","III","IV"},0))),"",IF(B13=C13,"Sí","No")) | F13: % convergencia | G13: =IF(G11=0,"",G12/G11)
A14: =IF(Protocolos!A14="","",Protocolos!A14) | B14: =IF('Versión A'!B14="","",'Versión A'!B14) | C14: =IFERROR(IF('Versión B'!N14="","",'Versión B'!N14),"") | D14: =IF(OR(B14="",C14="",ISNA(MATCH(B14,{"I","II","III","IV"},0)),ISNA(MATCH(C14,{"I","II","III","IV"},0))),"",IF(B14=C14,"Sí","No"))
A15: =IF(Protocolos!A15="","",Protocolos!A15) | B15: =IF('Versión A'!B15="","",'Versión A'!B15) | C15: =IFERROR(IF('Versión B'!N15="","",'Versión B'!N15),"") | D15: =IF(OR(B15="",C15="",ISNA(MATCH(B15,{"I","II","III","IV"},0)),ISNA(MATCH(C15,{"I","II","III","IV"},0))),"",IF(B15=C15,"Sí","No"))
A16: =IF(Protocolos!A16="","",Protocolos!A16) | B16: =IF('Versión A'!B16="","",'Versión A'!B16) | C16: =IFERROR(IF('Versión B'!N16="","",'Versión B'!N16),"") | D16: =IF(OR(B16="",C16="",ISNA(MATCH(B16,{"I","II","III","IV"},0)),ISNA(MATCH(C16,{"I","II","III","IV"},0))),"",IF(B16=C16,"Sí","No"))
A17: =IF(Protocolos!A17="","",Protocolos!A17) | B17: =IF('Versión A'!B17="","",'Versión A'!B17) | C17: =IFERROR(IF('Versión B'!N17="","",'Versión B'!N17),"") | D17: =IF(OR(B17="",C17="",ISNA(MATCH(B17,{"I","II","III","IV"},0)),ISNA(MATCH(C17,{"I","II","III","IV"},0))),"",IF(B17=C17,"Sí","No"))
A18: =IF(Protocolos!A18="","",Protocolos!A18) | B18: =IF('Versión A'!B18="","",'Versión A'!B18) | C18: =IFERROR(IF('Versión B'!N18="","",'Versión B'!N18),"") | D18: =IF(OR(B18="",C18="",ISNA(MATCH(B18,{"I","II","III","IV"},0)),ISNA(MATCH(C18,{"I","II","III","IV"},0))),"",IF(B18=C18,"Sí","No"))
A19: =IF(Protocolos!A19="","",Protocolos!A19) | B19: =IF('Versión A'!B19="","",'Versión A'!B19) | C19: =IFERROR(IF('Versión B'!N19="","",'Versión B'!N19),"") | D19: =IF(OR(B19="",C19="",ISNA(MATCH(B19,{"I","II","III","IV"},0)),ISNA(MATCH(C19,{"I","II","III","IV"},0))),"",IF(B19=C19,"Sí","No"))
A20: =IF(Protocolos!A20="","",Protocolos!A20) | B20: =IF('Versión A'!B20="","",'Versión A'!B20) | C20: =IFERROR(IF('Versión B'!N20="","",'Versión B'!N20),"") | D20: =IF(OR(B20="",C20="",ISNA(MATCH(B20,{"I","II","III","IV"},0)),ISNA(MATCH(C20,{"I","II","III","IV"},0))),"",IF(B20=C20,"Sí","No"))
A21: =IF(Protocolos!A21="","",Protocolos!A21) | B21: =IF('Versión A'!B21="","",'Versión A'!B21) | C21: =IFERROR(IF('Versión B'!N21="","",'Versión B'!N21),"") | D21: =IF(OR(B21="",C21="",ISNA(MATCH(B21,{"I","II","III","IV"},0)),ISNA(MATCH(C21,{"I","II","III","IV"},0))),"",IF(B21=C21,"Sí","No"))
A22: =IF(Protocolos!A22="","",Protocolos!A22) | B22: =IF('Versión A'!B22="","",'Versión A'!B22) | C22: =IFERROR(IF('Versión B'!N22="","",'Versión B'!N22),"") | D22: =IF(OR(B22="",C22="",ISNA(MATCH(B22,{"I","II","III","IV"},0)),ISNA(MATCH(C22,{"I","II","III","IV"},0))),"",IF(B22=C22,"Sí","No"))
A23: =IF(Protocolos!A23="","",Protocolos!A23) | B23: =IF('Versión A'!B23="","",'Versión A'!B23) | C23: =IFERROR(IF('Versión B'!N23="","",'Versión B'!N23),"") | D23: =IF(OR(B23="",C23="",ISNA(MATCH(B23,{"I","II","III","IV"},0)),ISNA(MATCH(C23,{"I","II","III","IV"},0))),"",IF(B23=C23,"Sí","No"))
A24: =IF(Protocolos!A24="","",Protocolos!A24) | B24: =IF('Versión A'!B24="","",'Versión A'!B24) | C24: =IFERROR(IF('Versión B'!N24="","",'Versión B'!N24),"") | D24: =IF(OR(B24="",C24="",ISNA(MATCH(B24,{"I","II","III","IV"},0)),ISNA(MATCH(C24,{"I","II","III","IV"},0))),"",IF(B24=C24,"Sí","No"))
A25: =IF(Protocolos!A25="","",Protocolos!A25) | B25: =IF('Versión A'!B25="","",'Versión A'!B25) | C25: =IFERROR(IF('Versión B'!N25="","",'Versión B'!N25),"") | D25: =IF(OR(B25="",C25="",ISNA(MATCH(B25,{"I","II","III","IV"},0)),ISNA(MATCH(C25,{"I","II","III","IV"},0))),"",IF(B25=C25,"Sí","No"))
... A53: =IF(Protocolos!A53="","",Protocolos!A53) | B53: =IF('Versión A'!B53="","",'Versión A'!B53) | C53: =IFERROR(IF('Versión B'!N53="","",'Versión B'!N53),"") | D53: =IF(OR(B53="",C53="",ISNA(MATCH(B53,{"I","II","III","IV"},0)),ISNA(MATCH(C53,{"I","II","III","IV"},0))),"",IF(B53=C53,"Sí","No"))

Sheet Panel-resumen
A1: Panel-resumen de los tres frentes de validación
A2: Este panel consolida los indicadores de los tres frentes. Úselo como punto de partida de la reunión plenaria del CEP que discuta los hallazgos de la validación local de la MARIAH. Los CEPs que opten por compartir resultados con el Grupo de Trabajo pueden enviar solo este panel, sin perjuicio de un detalle posterior.
A4: Frente 1 — Concordancia entre evaluadores en la Versión A
A5: n de pares con nivel I–IV (base del kappa) | B5: ='Versión A'!H4 -> 0
A6: % de concordancia observada | B6: ='Versión A'!H7
A7: kappa de Cohen | B7: ='Versión A'!H9 | C7: <0,40 Insuficiente · 0,40–0,60 Moderada · 0,60–0,80 Sustancial · ≥0,80 Casi perfecta
A8: lectura sugerida | B8: ='Versión A'!H10
A9: concordancia en cuanto a la evaluabilidad (incluye NO EVALUABLE) | B9: ='Versión A'!H17
A10: Frente 2 — Distribución empírica de la casuística (Versión B)
A11: n de protocolos con la Versión B aplicada (con nivel asignado) | B11: ='Versión B'!Q9 -> 0
A12: % en el Nivel I (bajo) | B12: ='Versión B'!R5
A13: % en el Nivel II (moderado) | B13: ='Versión B'!R6
A14: % en el Nivel III (alto) | B14: ='Versión B'!R7
A15: % en el Nivel IV (crítico) | B15: ='Versión B'!R8
A16: mediana de la puntuación total | B16: ='Versión B'!Q14
A17: amplitud (mínimo–máximo) | B17: =IF('Versión B'!Q17="","",'Versión B'!Q17&" – "&'Versión B'!Q18) -> 0 – 0
A18: no evaluables (fuera de la distribución) · elevados a IV por la Cláusula | B18: ='Versión B'!Q10&" · "&'Versión B'!Q11 -> 0 · 0
A19: Frente 3 — Convergencia entre las Versiones A y B (modo triaje)
A20: n pares válidos evaluados por las dos versiones (I–IV) | B20: ='Triaje A↔B'!G11 -> 0
A21: n de convergencias | B21: ='Triaje A↔B'!G12 -> 0
A22: % de convergencia | B22: ='Triaje A↔B'!G13 | C22: >80% Convergencia alta · 60–80% Convergencia media · <60% Examinar discordancias
A24: Para discusión en la reunión plenaria del CEP
A25: · ¿Dónde se concentran las discordancias entre los evaluadores en la Versión A? ¿En qué ejes?
A26: · ¿La distribución de la casuística sugiere concentración cerca de algún punto de corte? ¿Hay protocolos en el Nivel IV?
A27: · Cuando A y B divergen, ¿hay un patrón (por ejemplo, A=II y B=III)? ¿Qué dice ese patrón sobre la lectura local de la matriz?
A28: · ¿Hay preguntas de la matriz que los evaluadores leen de modo sistemáticamente diferente? ¿Conviene revisar la redacción localmente?
A29: · ¿Los hallazgos sugieren ajustes en la capacitación interna del CEP? ¿En qué temas?
A30: · ¿El colegiado desea compartir los hallazgos con el Grupo de Trabajo? ¿En qué formato (planilla completa, solo este panel, nota narrativa)?
